{
  "classifiers": {
    "GAUSSIAN": {
      "average_accuracy_mean": 0.8463757521275318,
      "average_accuracy_std": 0.09824028037313377,
      "friedman_rank": 3.4545454545454546,
      "p90": 0.9696969696969697,
      "p95": 0.9090909090909091,
      "pma_mean": 98.0256046792024,
      "pma_std": 2.8360940408630624
    },
    "GAUSSIAN-RFM": {
      "average_accuracy_mean": 0.839140718181928,
      "average_accuracy_std": 0.09861695895374332,
      "friedman_rank": 4.196969696969697,
      "p90": 0.9696969696969697,
      "p95": 0.8181818181818182,
      "pma_mean": 97.21891523210869,
      "pma_std": 3.925949776502361
    },
    "LAPLACE": {
      "average_accuracy_mean": 0.8440027376919081,
      "average_accuracy_std": 0.09716432765473405,
      "friedman_rank": 3.212121212121212,
      "p90": 0.9090909090909091,
      "p95": 0.8787878787878788,
      "pma_mean": 97.79040657981818,
      "pma_std": 3.6968095927980573
    },
    "LAPLACE-RFM": {
      "average_accuracy_mean": 0.8353588264999967,
      "average_accuracy_std": 0.09938320091301986,
      "friedman_rank": 4.181818181818182,
      "p90": 0.9090909090909091,
      "p95": 0.7878787878787878,
      "pma_mean": 96.73254139645358,
      "pma_std": 3.464682941576374
    },
    "NN": {
      "average_accuracy_mean": 0.8228854537010193,
      "average_accuracy_std": 0.11410053903142525,
      "friedman_rank": 5.393939393939394,
      "p90": 0.9090909090909091,
      "p95": 0.48484848484848486,
      "pma_mean": 95.05691074006681,
      "pma_std": 4.023251265646092
    },
    "NTK": {
      "average_accuracy_mean": 0.8471828401088715,
      "average_accuracy_std": 0.09789757565349382,
      "friedman_rank": 3.196969696969697,
      "p90": 0.9696969696969697,
      "p95": 0.8787878787878788,
      "pma_mean": 98.11983589757573,
      "pma_std": 2.73222250772741
    },
    "NTK-RFM": {
      "average_accuracy_mean": 0.822068886774959,
      "average_accuracy_std": 0.11048958585994594,
      "friedman_rank": 4.363636363636363,
      "p90": 0.9090909090909091,
      "p95": 0.7575757575757576,
      "pma_mean": 95.48746225080252,
      "pma_std": 9.084176360856866
    }
  },
  "dataset_names": [
    "acute-inflammation",
    "acute-nephritis",
    "balloons",
    "blood",
    "breast-cancer",
    "breast-cancer-wisc",
    "breast-cancer-wisc-diag",
    "breast-cancer-wisc-prog",
    "congressional-voting",
    "conn-bench-sonar-mines-rocks",
    "credit-approval",
    "cylinder-bands",
    "echocardiogram",
    "fertility",
    "haberman-survival",
    "heart-hungarian",
    "hepatitis",
    "ilpd-indian-liver",
    "ionosphere",
    "mammographic",
    "molec-biol-promoter",
    "musk-1",
    "oocytes_trisopterus_nucleus_2f",
    "parkinsons",
    "pima",
    "pittsburg-bridges-T-OR-D",
    "planning",
    "statlog-australian-credit",
    "statlog-german-credit",
    "statlog-heart",
    "tic-tac-toe",
    "trains",
    "vertebral-column-2clases"
  ],
  "num_datasets": 33,
  "per_dataset": {
    "acute-inflammation": {
      "GAUSSIAN": 1.0,
      "GAUSSIAN-RFM": 1.0,
      "LAPLACE": 1.0,
      "LAPLACE-RFM": 1.0,
      "NN": 1.0,
      "NTK": 1.0,
      "NTK-RFM": 1.0
    },
    "acute-nephritis": {
      "GAUSSIAN": 1.0,
      "GAUSSIAN-RFM": 1.0,
      "LAPLACE": 1.0,
      "LAPLACE-RFM": 1.0,
      "NN": 1.0,
      "NTK": 1.0,
      "NTK-RFM": 1.0
    },
    "balloons": {
      "GAUSSIAN": 1.0,
      "GAUSSIAN-RFM": 0.8125,
      "LAPLACE": 0.875,
      "LAPLACE-RFM": 0.875,
      "NN": 0.9375,
      "NTK": 1.0,
      "NTK-RFM": 0.8125
    },
    "blood": {
      "GAUSSIAN": 0.7767379879951477,
      "GAUSSIAN-RFM": 0.77272729575634,
      "LAPLACE": 0.7633689939975739,
      "LAPLACE-RFM": 0.7780748754739761,
      "NN": 0.73128342628479,
      "NTK": 0.7927807718515396,
      "NTK-RFM": 0.8021390438079834
    },
    "breast-cancer": {
      "GAUSSIAN": 0.72887322306633,
      "GAUSSIAN-RFM": 0.7183098345994949,
      "LAPLACE": 0.753521129488945,
      "LAPLACE-RFM": 0.7218309640884399,
      "NN": 0.6830985695123672,
      "NTK": 0.73591548204422,
      "NTK-RFM": 0.732394352555275
    },
    "breast-cancer-wisc": {
      "GAUSSIAN": 0.9714285582304001,
      "GAUSSIAN-RFM": 0.9699999839067459,
      "LAPLACE": 0.9728571474552155,
      "LAPLACE-RFM": 0.9771428406238556,
      "NN": 0.9571428596973419,
      "NTK": 0.9728571325540543,
      "NTK-RFM": 0.9699999988079071
    },
    "breast-cancer-wisc-diag": {
      "GAUSSIAN": 0.9718309640884399,
      "GAUSSIAN-RFM": 0.982394352555275,
      "LAPLACE": 0.9647887051105499,
      "LAPLACE-RFM": 0.9735915213823318,
      "NN": 0.9718309640884399,
      "NTK": 0.9683098345994949,
      "NTK-RFM": 0.9735915064811707
    },
    "breast-cancer-wisc-prog": {
      "GAUSSIAN": 0.8010204136371613,
      "GAUSSIAN-RFM": 0.7806122303009033,
      "LAPLACE": 0.8214285373687744,
      "LAPLACE-RFM": 0.8163265287876129,
      "NN": 0.7704081535339355,
      "NTK": 0.8061224222183228,
      "NTK-RFM": 0.7806122303009033
    },
    "congressional-voting": {
      "GAUSSIAN": 0.6192660182714462,
      "GAUSSIAN-RFM": 0.6192660182714462,
      "LAPLACE": 0.6261467486619949,
      "LAPLACE-RFM": 0.6146788597106934,
      "NN": 0.60550457239151,
      "NTK": 0.6192660182714462,
      "NTK-RFM": 0.6192660182714462
    },
    "conn-bench-sonar-mines-rocks": {
      "GAUSSIAN": 0.8221154063940048,
      "GAUSSIAN-RFM": 0.8076923340559006,
      "LAPLACE": 0.8509615510702133,
      "LAPLACE-RFM": 0.7740384787321091,
      "NN": 0.8653846383094788,
      "NTK": 0.8509615659713745,
      "NTK-RFM": 0.817307710647583
    },
    "credit-approval": {
      "GAUSSIAN": 0.8590116202831268,
      "GAUSSIAN-RFM": 0.8633720874786377,
      "LAPLACE": 0.8706395328044891,
      "LAPLACE-RFM": 0.8604651093482971,
      "NN": 0.8488371968269348,
      "NTK": 0.864825576543808,
      "NTK-RFM": 0.8619185984134674
    },
    "cylinder-bands": {
      "GAUSSIAN": 0.796875,
      "GAUSSIAN-RFM": 0.76171875,
      "LAPLACE": 0.837890625,
      "LAPLACE-RFM": 0.79296875,
      "NN": 0.77734375,
      "NTK": 0.783203125,
      "NTK-RFM": 0.76953125
    },
    "echocardiogram": {
      "GAUSSIAN": 0.8560606241226196,
      "GAUSSIAN-RFM": 0.8560606241226196,
      "LAPLACE": 0.8333333432674408,
      "LAPLACE-RFM": 0.8181818425655365,
      "NN": 0.8257576078176498,
      "NTK": 0.8560606241226196,
      "NTK-RFM": 0.7803030461072922
    },
    "fertility": {
      "GAUSSIAN": 0.8799999952316284,
      "GAUSSIAN-RFM": 0.8799999952316284,
      "LAPLACE": 0.8199999779462814,
      "LAPLACE-RFM": 0.8799999952316284,
      "NN": 0.8799999803304672,
      "NTK": 0.8799999952316284,
      "NTK-RFM": 0.8999999761581421
    },
    "haberman-survival": {
      "GAUSSIAN": 0.7302631586790085,
      "GAUSSIAN-RFM": 0.7368420958518982,
      "LAPLACE": 0.7368420958518982,
      "LAPLACE-RFM": 0.6776315718889236,
      "NN": 0.7302631586790085,
      "NTK": 0.7368420958518982,
      "NTK-RFM": 0.7368420958518982
    },
    "heart-hungarian": {
      "GAUSSIAN": 0.8561643660068512,
      "GAUSSIAN-RFM": 0.8321917653083801,
      "LAPLACE": 0.842465728521347,
      "LAPLACE-RFM": 0.8493150621652603,
      "NN": 0.8116438239812851,
      "NTK": 0.8595890253782272,
      "NTK-RFM": 0.8356164395809174
    },
    "hepatitis": {
      "GAUSSIAN": 0.8461538553237915,
      "GAUSSIAN-RFM": 0.8461538553237915,
      "LAPLACE": 0.8525641113519669,
      "LAPLACE-RFM": 0.8205128312110901,
      "NN": 0.801282063126564,
      "NTK": 0.8205128312110901,
      "NTK-RFM": 0.8141025751829147
    },
    "ilpd-indian-liver": {
      "GAUSSIAN": 0.7243150621652603,
      "GAUSSIAN-RFM": 0.7174657583236694,
      "LAPLACE": 0.7123287618160248,
      "LAPLACE-RFM": 0.6969178169965744,
      "NN": 0.6986301392316818,
      "NTK": 0.7277397215366364,
      "NTK-RFM": 0.7208904027938843
    },
    "ionosphere": {
      "GAUSSIAN": 0.9431818425655365,
      "GAUSSIAN-RFM": 0.9346591234207153,